record_id,product_or_intervention_class,formulation_or_carrier,reliability_issue,failure_mode,quality_signal,measured_or_reported_problem,mitigation_or_design_signal,evidence_source,evidence_type,evidence_level,priority_score,notes
S3B201,PGPR inoculants,general inoculant systems,field inconsistency,soil and management mismatch,context-aware field validation,"lab-to-field performance is inconsistent under variable pH, temperature, moisture, and native microbiota conditions",match inoculant testing to crop and field conditions,https://www.sciencedirect.com/science/article/pii/S0944501324003112,review,review-high,5,strong framing source for reliability bottlenecks
S3B202,microbial bioformulations,carrier-based formulations,shelf-life and contamination risk,loss of viability during storage,rigorous QC and carrier optimization,"consistency is not guaranteed; contamination, absent labeling details, and limited shelf life undermine reliability",improve carrier selection storage conditions and labeling,https://www.frontiersin.org/journals/plant-science/articles/10.3389/fpls.2023.1270039/full,review,review-high,5,good source for formulation and labeling problems
S3B203,AM fungal inoculants,commercial inoculant products,inconsistent efficacy,lack of standardized quality criteria,standardized bioassay framework,"commercial inoculants suffer from inconsistent efficacy and low consumer confidence",use minimum quality criteria plus viability and efficacy bioassays,https://www.sciencedirect.com/science/article/pii/S2589004222009087,framework paper,framework-high,5,good source for checklist design
S3B204,mycorrhizal inoculant products,commercial products,label mismatch and contamination,low viability and negative active effect,direct product assessment,"assessed products showed limited viability pathogen contamination and in some cases negative growth effects",require direct product testing before trust,https://www.sciencedirect.com/science/article/am/pii/S0929139324002907,product assessment,direct-high,5,high-value direct evidence
S3B205,microbial inoculant development,varied farm-facing systems,poor field fit,weak integration of farmer practice,farmer-participatory co-design,"conventional development can lead to field inconsistencies when agronomic reality is ignored",co-create protocols with farmer input and real use constraints,https://www.sciencedirect.com/science/article/pii/S2452219824000752,review,review-medium,4,useful for deployment-design logic
S3B206,biofertilizer sector,mixed biofertilizer classes,limited adoption,loss of viability and poor compatibility,multidisciplinary optimization,"commercial bio-fertilizers often fail outside controlled settings because of viability loss or poor compatibility with native soil communities",combine soil ecology formulation and farmer training,https://www.frontiersin.org/journals/agronomy/articles/10.3389/fagro.2025.1730845/full,editorial,context-medium,3,context source not direct proof
S3B207,hydroponic microbial inoculants,mixed formulations,protocol variability,lack of standardized application rules,system-specific protocol design,"results vary across species and systems with limited stability and input compatibility",optimize application protocols and regulatory clarity,https://www.sciencedirect.com/science/article/pii/S2950194625003243,review,review-medium,3,controlled-system evidence for reliability issues
S3B208,Trichoderma-based products,solid and liquid commercial products,CFU and identity mismatch,unstable formulation and poor QC,viability counts plus genomic verification,"all tested products had lower CFUs than claimed and most labels did not match recovered taxonomic status",standard CFU checks genetic verification and clear labeling,https://www.frontiersin.org/journals/microbiology/articles/10.3389/fmicb.2025.1646394/full,product comparison,direct-high,5,strong product-quality evidence
S3B209,Pseudomonas biofertilizer,chitosan encapsulation,short shelf life of conventional products,environmental instability of free cells,encapsulation with stable carrier,"chitosan-encapsulated P. fluorescens maintained high viability for ten months and improved field performance in tomato",use formulation engineering as reliability support rather than afterthought,https://www.sciencedirect.com/science/article/abs/pii/S0141813024002654,formulation study,direct-medium,4,positive reliability-fix example
